<?xml version="1.0" encoding="UTF-8"?>
<project-private xmlns="http://www.netbeans.org/ns/project-private/1">
    <editor-bookmarks xmlns="http://www.netbeans.org/ns/editor-bookmarks/1"/>
    <editor-bookmarks xmlns="http://www.netbeans.org/ns/editor-bookmarks/2" lastBookmarkId="0"/>
    <open-files xmlns="http://www.netbeans.org/ns/projectui-open-files/2">
        <group>
            <file>file:/Users/ethanmiller/Desktop/MazeRunner/src/mazerunner/Point.java</file>
            <file>file:/Users/ethanmiller/Desktop/MazeRunner/src/mazerunner/Stack.java</file>
            <file>file:/Users/ethanmiller/Desktop/MazeRunner/src/mazerunner/cBase.java</file>
            <file>file:/Users/ethanmiller/Desktop/MazeRunner/src/mazerunner/MazeRunner.java</file>
            <file>file:/Users/ethanmiller/Desktop/MazeRunner/src/mazerunner/Queue.java</file>
            <file>file:/Users/ethanmiller/Desktop/MazeRunner/src/mazerunner/Collection.java</file>
        </group>
    </open-files>
</project-private>
